{
  "gender": {
    "precision": 1.0,
    "recall": 0.8333333333333334,
    "f1-score": 0.9090909090909091,
    "support": 6,
    "confused_with": {}
  },
  "height": {
    "precision": 1.0,
    "recall": 1.0,
    "f1-score": 1.0,
    "support": 11,
    "confused_with": {}
  },
  "weight": {
    "precision": 1.0,
    "recall": 0.9,
    "f1-score": 0.9473684210526316,
    "support": 10,
    "confused_with": {
      "age": 1
    }
  },
  "allergen": {
    "precision": 1.0,
    "recall": 0.6470588235294118,
    "f1-score": 0.7857142857142858,
    "support": 17,
    "confused_with": {}
  },
  "activity_level": {
    "precision": 1.0,
    "recall": 1.0,
    "f1-score": 1.0,
    "support": 5,
    "confused_with": {}
  },
  "diet": {
    "precision": 1.0,
    "recall": 0.6363636363636364,
    "f1-score": 0.7777777777777778,
    "support": 22,
    "confused_with": {}
  },
  "age": {
    "precision": 0.875,
    "recall": 0.6363636363636364,
    "f1-score": 0.7368421052631579,
    "support": 11,
    "confused_with": {}
  },
  "micro avg": {
    "precision": 0.9841269841269841,
    "recall": 0.7560975609756098,
    "f1-score": 0.8551724137931035,
    "support": 82
  },
  "macro avg": {
    "precision": 0.9821428571428571,
    "recall": 0.8075884899414313,
    "f1-score": 0.8795419284141088,
    "support": 82
  },
  "weighted avg": {
    "precision": 0.9832317073170732,
    "recall": 0.7560975609756098,
    "f1-score": 0.8475822779417133,
    "support": 82
  },
  "accuracy": 0.9565217391304348
}