{
  "inform_no_allergens": {
    "precision": 0.9333333333333333,
    "recall": 1.0,
    "f1-score": 0.9655172413793104,
    "support": 14,
    "confused_with": {}
  },
  "inform_allergens": {
    "precision": 0.9166666666666666,
    "recall": 0.8148148148148148,
    "f1-score": 0.8627450980392156,
    "support": 27,
    "confused_with": {
      "thanks": 2,
      "affirm": 2
    }
  },
  "inform_diet": {
    "precision": 0.8888888888888888,
    "recall": 0.8205128205128205,
    "f1-score": 0.8533333333333333,
    "support": 39,
    "confused_with": {
      "ask_diet_plan": 4,
      "faq": 3
    }
  },
  "maintain_weight": {
    "precision": 0.7727272727272727,
    "recall": 0.7727272727272727,
    "f1-score": 0.7727272727272727,
    "support": 22,
    "confused_with": {
      "gain_weight": 2,
      "lose_weight": 1
    }
  },
  "affirm": {
    "precision": 0.5714285714285714,
    "recall": 0.7272727272727273,
    "f1-score": 0.64,
    "support": 22,
    "confused_with": {
      "greet": 2,
      "maintain_weight": 1
    }
  },
  "deny": {
    "precision": 0.8,
    "recall": 0.5714285714285714,
    "f1-score": 0.6666666666666666,
    "support": 14,
    "confused_with": {
      "thanks": 2,
      "inform_no_diet": 2
    }
  },
  "thanks": {
    "precision": 0.7777777777777778,
    "recall": 0.875,
    "f1-score": 0.823529411764706,
    "support": 16,
    "confused_with": {
      "gain_weight": 1,
      "faq": 1
    }
  },
  "inform_no_diet": {
    "precision": 0.7857142857142857,
    "recall": 0.6875,
    "f1-score": 0.7333333333333334,
    "support": 16,
    "confused_with": {
      "maintain_weight": 1,
      "faq": 1
    }
  },
  "inform_details": {
    "precision": 1.0,
    "recall": 1.0,
    "f1-score": 1.0,
    "support": 35,
    "confused_with": {}
  },
  "inform_activity_level": {
    "precision": 0.9375,
    "recall": 0.75,
    "f1-score": 0.8333333333333334,
    "support": 20,
    "confused_with": {
      "affirm": 5
    }
  },
  "gain_weight": {
    "precision": 0.8571428571428571,
    "recall": 0.8275862068965517,
    "f1-score": 0.8421052631578947,
    "support": 29,
    "confused_with": {
      "maintain_weight": 2,
      "lose_weight": 1
    }
  },
  "greet": {
    "precision": 0.8181818181818182,
    "recall": 0.6923076923076923,
    "f1-score": 0.7500000000000001,
    "support": 13,
    "confused_with": {
      "affirm": 3,
      "inform_diet": 1
    }
  },
  "lose_weight": {
    "precision": 0.9117647058823529,
    "recall": 0.8378378378378378,
    "f1-score": 0.8732394366197184,
    "support": 37,
    "confused_with": {
      "maintain_weight": 1,
      "inform_diet": 1
    }
  },
  "ask_diet_plan": {
    "precision": 0.7586206896551724,
    "recall": 0.7586206896551724,
    "f1-score": 0.7586206896551724,
    "support": 29,
    "confused_with": {
      "faq": 6,
      "inform_no_diet": 1
    }
  },
  "faq": {
    "precision": 0.8818181818181818,
    "recall": 1.0,
    "f1-score": 0.9371980676328503,
    "support": 97,
    "confused_with": {}
  },
  "accuracy": 0.8534883720930233,
  "macro avg": {
    "precision": 0.8407710032811454,
    "recall": 0.8090405755635641,
    "f1-score": 0.8208232765095205,
    "support": 430
  },
  "weighted avg": {
    "precision": 0.8576413934143071,
    "recall": 0.8534883720930233,
    "f1-score": 0.8522564820810062,
    "support": 430
  },
  "micro avg": {
    "precision": 0.8534883720930233,
    "recall": 0.8534883720930233,
    "f1-score": 0.8534883720930233,
    "support": 430
  }
}