{
  "inform_details": {
    "precision": 0.9743589743589743,
    "recall": 1.0,
    "f1-score": 0.9870129870129869,
    "support": 38,
    "confused_with": {}
  },
  "ask_diet_plan": {
    "precision": 0.8275862068965517,
    "recall": 0.7741935483870968,
    "f1-score": 0.7999999999999999,
    "support": 31,
    "confused_with": {
      "faq": 4,
      "maintain_weight": 1
    }
  },
  "inform_allergens": {
    "precision": 0.875,
    "recall": 0.7777777777777778,
    "f1-score": 0.823529411764706,
    "support": 27,
    "confused_with": {
      "affirm": 2,
      "thanks": 1
    }
  },
  "inform_no_allergens": {
    "precision": 1.0,
    "recall": 0.8571428571428571,
    "f1-score": 0.923076923076923,
    "support": 14,
    "confused_with": {
      "inform_no_diet": 1,
      "faq": 1
    }
  },
  "gain_weight": {
    "precision": 0.8461538461538461,
    "recall": 0.7586206896551724,
    "f1-score": 0.8,
    "support": 29,
    "confused_with": {
      "maintain_weight": 2,
      "lose_weight": 2
    }
  },
  "inform_activity_level": {
    "precision": 1.0,
    "recall": 0.75,
    "f1-score": 0.8571428571428571,
    "support": 20,
    "confused_with": {
      "affirm": 3,
      "inform_allergens": 1
    }
  },
  "get_started": {
    "precision": 0.8461538461538461,
    "recall": 0.7333333333333333,
    "f1-score": 0.7857142857142856,
    "support": 15,
    "confused_with": {
      "faq": 2,
      "lose_weight": 1
    }
  },
  "inform_diet": {
    "precision": 0.925,
    "recall": 0.9487179487179487,
    "f1-score": 0.9367088607594937,
    "support": 39,
    "confused_with": {
      "faq": 1,
      "ask_diet_plan": 1
    }
  },
  "lose_weight": {
    "precision": 0.8648648648648649,
    "recall": 0.8648648648648649,
    "f1-score": 0.8648648648648649,
    "support": 37,
    "confused_with": {
      "maintain_weight": 1,
      "inform_diet": 1
    }
  },
  "affirm": {
    "precision": 0.6551724137931034,
    "recall": 0.8636363636363636,
    "f1-score": 0.7450980392156864,
    "support": 22,
    "confused_with": {
      "maintain_weight": 1,
      "inform_details": 1
    }
  },
  "deny": {
    "precision": 0.6153846153846154,
    "recall": 0.5714285714285714,
    "f1-score": 0.5925925925925927,
    "support": 14,
    "confused_with": {
      "thanks": 2,
      "maintain_weight": 1
    }
  },
  "greet": {
    "precision": 0.8181818181818182,
    "recall": 0.6923076923076923,
    "f1-score": 0.7500000000000001,
    "support": 13,
    "confused_with": {
      "affirm": 2,
      "get_started": 1
    }
  },
  "thanks": {
    "precision": 0.8,
    "recall": 0.75,
    "f1-score": 0.7741935483870969,
    "support": 16,
    "confused_with": {
      "affirm": 2,
      "gain_weight": 1
    }
  },
  "inform_no_diet": {
    "precision": 0.7692307692307693,
    "recall": 0.625,
    "f1-score": 0.6896551724137931,
    "support": 16,
    "confused_with": {
      "deny": 3,
      "maintain_weight": 1
    }
  },
  "maintain_weight": {
    "precision": 0.6923076923076923,
    "recall": 0.8181818181818182,
    "f1-score": 0.7500000000000001,
    "support": 22,
    "confused_with": {
      "lose_weight": 1,
      "inform_no_diet": 1
    }
  },
  "faq": {
    "precision": 0.8585858585858586,
    "recall": 0.9659090909090909,
    "f1-score": 0.9090909090909091,
    "support": 88,
    "confused_with": {
      "maintain_weight": 1,
      "lose_weight": 1
    }
  },
  "accuracy": 0.8458049886621315,
  "macro avg": {
    "precision": 0.8354988066194964,
    "recall": 0.7969446597714117,
    "f1-score": 0.8117925282522622,
    "support": 441
  },
  "weighted avg": {
    "precision": 0.8507282111551406,
    "recall": 0.8458049886621315,
    "f1-score": 0.8446374472500335,
    "support": 441
  },
  "micro avg": {
    "precision": 0.8458049886621315,
    "recall": 0.8458049886621315,
    "f1-score": 0.8458049886621315,
    "support": 441
  }
}