{
  "ask_diet_plan": {
    "precision": 0.7894736842105263,
    "recall": 0.8333333333333334,
    "f1-score": 0.8108108108108109,
    "support": 18,
    "confused_with": {
      "inform_no_diet": 1,
      "greet": 1
    }
  },
  "gain_weight": {
    "precision": 0.7619047619047619,
    "recall": 0.6956521739130435,
    "f1-score": 0.7272727272727272,
    "support": 23,
    "confused_with": {
      "lose_weight": 4,
      "maintain_weight": 2
    }
  },
  "inform_activity_level": {
    "precision": 0.9285714285714286,
    "recall": 0.7222222222222222,
    "f1-score": 0.8125000000000001,
    "support": 18,
    "confused_with": {
      "deny": 2,
      "affirm": 2
    }
  },
  "inform_no_allergens": {
    "precision": 0.8125,
    "recall": 1.0,
    "f1-score": 0.896551724137931,
    "support": 13,
    "confused_with": {}
  },
  "inform_no_diet": {
    "precision": 0.6363636363636364,
    "recall": 0.5384615384615384,
    "f1-score": 0.5833333333333334,
    "support": 13,
    "confused_with": {
      "deny": 2,
      "maintain_weight": 1
    }
  },
  "inform_details": {
    "precision": 0.96875,
    "recall": 1.0,
    "f1-score": 0.9841269841269841,
    "support": 31,
    "confused_with": {}
  },
  "thanks": {
    "precision": 0.65,
    "recall": 0.8125,
    "f1-score": 0.7222222222222223,
    "support": 16,
    "confused_with": {
      "deny": 2,
      "affirm": 1
    }
  },
  "deny": {
    "precision": 0.5384615384615384,
    "recall": 0.5,
    "f1-score": 0.5185185185185186,
    "support": 14,
    "confused_with": {
      "thanks": 3,
      "affirm": 2
    }
  },
  "greet": {
    "precision": 0.8888888888888888,
    "recall": 0.6153846153846154,
    "f1-score": 0.7272727272727274,
    "support": 13,
    "confused_with": {
      "affirm": 5
    }
  },
  "inform_diet": {
    "precision": 1.0,
    "recall": 0.8666666666666667,
    "f1-score": 0.9285714285714286,
    "support": 30,
    "confused_with": {
      "maintain_weight": 1,
      "inform_no_diet": 1
    }
  },
  "maintain_weight": {
    "precision": 0.7619047619047619,
    "recall": 0.8888888888888888,
    "f1-score": 0.8205128205128205,
    "support": 18,
    "confused_with": {
      "lose_weight": 1,
      "inform_no_diet": 1
    }
  },
  "affirm": {
    "precision": 0.52,
    "recall": 0.8666666666666667,
    "f1-score": 0.65,
    "support": 15,
    "confused_with": {
      "thanks": 1,
      "maintain_weight": 1
    }
  },
  "lose_weight": {
    "precision": 0.782608695652174,
    "recall": 0.782608695652174,
    "f1-score": 0.782608695652174,
    "support": 23,
    "confused_with": {
      "gain_weight": 3,
      "inform_details": 1
    }
  },
  "inform_allergens": {
    "precision": 1.0,
    "recall": 0.8148148148148148,
    "f1-score": 0.8979591836734693,
    "support": 27,
    "confused_with": {
      "thanks": 2,
      "inform_no_allergens": 1
    }
  },
  "accuracy": 0.8014705882352942,
  "macro avg": {
    "precision": 0.7885305282826939,
    "recall": 0.7812285440002833,
    "f1-score": 0.7758757982932248,
    "support": 272
  },
  "weighted avg": {
    "precision": 0.8210419177754221,
    "recall": 0.8014705882352942,
    "f1-score": 0.8036174317347348,
    "support": 272
  },
  "micro avg": {
    "precision": 0.8014705882352942,
    "recall": 0.8014705882352942,
    "f1-score": 0.8014705882352942,
    "support": 272
  }
}