{
  "faq/low_fat": {
    "precision": 0.8571428571428571,
    "recall": 1.0,
    "f1-score": 0.923076923076923,
    "support": 12,
    "confused_with": {}
  },
  "faq/ask_is_bot": {
    "precision": 0.9166666666666666,
    "recall": 1.0,
    "f1-score": 0.9565217391304348,
    "support": 11,
    "confused_with": {}
  },
  "faq/eating_disorder": {
    "precision": 1.0,
    "recall": 0.8888888888888888,
    "f1-score": 0.9411764705882353,
    "support": 9,
    "confused_with": {
      "faq/low_fat": 1
    }
  },
  "faq/low_carb": {
    "precision": 1.0,
    "recall": 0.8571428571428571,
    "f1-score": 0.923076923076923,
    "support": 7,
    "confused_with": {
      "faq/low_fat": 1
    }
  },
  "faq/cholesterol": {
    "precision": 1.0,
    "recall": 1.0,
    "f1-score": 1.0,
    "support": 10,
    "confused_with": {}
  },
  "faq/high_protein": {
    "precision": 1.0,
    "recall": 1.0,
    "f1-score": 1.0,
    "support": 15,
    "confused_with": {}
  },
  "faq/water": {
    "precision": 1.0,
    "recall": 1.0,
    "f1-score": 1.0,
    "support": 11,
    "confused_with": {}
  },
  "faq/diet_options": {
    "precision": 1.0,
    "recall": 0.9090909090909091,
    "f1-score": 0.9523809523809523,
    "support": 11,
    "confused_with": {
      "faq/ask_is_bot": 1
    }
  },
  "accuracy": 0.9651162790697675,
  "macro avg": {
    "precision": 0.9717261904761905,
    "recall": 0.9568903318903319,
    "f1-score": 0.9620291260316836,
    "support": 86
  },
  "weighted avg": {
    "precision": 0.969407530454042,
    "recall": 0.9651162790697675,
    "f1-score": 0.9651974346555922,
    "support": 86
  },
  "micro avg": {
    "precision": 0.9651162790697675,
    "recall": 0.9651162790697675,
    "f1-score": 0.9651162790697675,
    "support": 86
  }
}