{
  "faq/low_carb": {
    "precision": 0.8571428571428571,
    "recall": 0.8571428571428571,
    "f1-score": 0.8571428571428571,
    "support": 7,
    "confused_with": {
      "faq/low_fat": 1
    }
  },
  "faq/water": {
    "precision": 1.0,
    "recall": 1.0,
    "f1-score": 1.0,
    "support": 11,
    "confused_with": {}
  },
  "faq/high_protein": {
    "precision": 1.0,
    "recall": 1.0,
    "f1-score": 1.0,
    "support": 15,
    "confused_with": {}
  },
  "faq/diet_options": {
    "precision": 1.0,
    "recall": 0.9090909090909091,
    "f1-score": 0.9523809523809523,
    "support": 11,
    "confused_with": {
      "faq/what_can_do": 1
    }
  },
  "faq/what_can_do": {
    "precision": 0.7272727272727273,
    "recall": 0.8888888888888888,
    "f1-score": 0.7999999999999999,
    "support": 9,
    "confused_with": {
      "faq/ask_is_bot": 1
    }
  },
  "faq/ask_is_bot": {
    "precision": 0.9090909090909091,
    "recall": 0.9090909090909091,
    "f1-score": 0.9090909090909091,
    "support": 11,
    "confused_with": {
      "faq/what_can_do": 1
    }
  },
  "faq/eating_disorder": {
    "precision": 1.0,
    "recall": 0.8888888888888888,
    "f1-score": 0.9411764705882353,
    "support": 9,
    "confused_with": {
      "faq/what_can_do": 1
    }
  },
  "faq/cholesterol": {
    "precision": 1.0,
    "recall": 1.0,
    "f1-score": 1.0,
    "support": 10,
    "confused_with": {}
  },
  "faq/low_fat": {
    "precision": 0.9166666666666666,
    "recall": 0.9166666666666666,
    "f1-score": 0.9166666666666666,
    "support": 12,
    "confused_with": {
      "faq/low_carb": 1
    }
  },
  "accuracy": 0.9368421052631579,
  "macro avg": {
    "precision": 0.9344636844636844,
    "recall": 0.9299743466410132,
    "f1-score": 0.930717539541069,
    "support": 95
  },
  "weighted avg": {
    "precision": 0.9425837320574163,
    "recall": 0.9368421052631579,
    "f1-score": 0.9383871443314167,
    "support": 95
  },
  "micro avg": {
    "precision": 0.9368421052631579,
    "recall": 0.9368421052631579,
    "f1-score": 0.9368421052631579,
    "support": 95
  }
}