{
  "supervised_embeddings": [
    [
      0.8206533776301218,
      0.8092345638857266,
      0.8209969111890244,
      0.6011247768072844
    ],
    [
      0.8055292419998303,
      0.7197836150777327,
      0.7143230625583566,
      0.58624105613725
    ],
    [
      0.8033861137748771,
      0.8202487435045573,
      0.7155164141875104,
      0.6408258161103288
    ]
  ],
  "hyperopt": [
    [
      0.8452370215691426,
      0.8233766233766233,
      0.7725494144098796,
      0.5971693030223418
    ],
    [
      0.7954362772777097,
      0.7994864612511671,
      0.723630280756804,
      0.5595787833850118
    ],
    [
      0.7963090204369274,
      0.8092652445593622,
      0.7489493710423943,
      0.6247273398436188
    ]
  ]
}