{
  "supervised_embeddings": [
    [
      0.7513804470892314,
      0.7697033125604554,
      0.6638429168301674,
      0.6743860342472258
    ],
    [
      0.7892109111889332,
      0.787369041215195,
      0.7350601779173208,
      0.6453811576629934
    ],
    [
      0.8260678738054303,
      0.8123837338123052,
      0.7677719716181254,
      0.6680243900925695
    ]
  ],
  "hyperopt": [
    [
      0.7570681055411534,
      0.7621930900521372,
      0.7120601620601621,
      0.6576950678196992
    ],
    [
      0.7987484198861058,
      0.8117984077260095,
      0.7764509407366551,
      0.5796846621022446
    ],
    [
      0.829633126336423,
      0.787452535254733,
      0.7486490167162437,
      0.6714816498591546
    ]
  ]
}