{
  "supervised_embeddings": [
    [
      0.7845412567634791,
      0.8150368928146707,
      0.7705416829599836,
      0.6984715256993274
    ],
    [
      0.8459713413201784,
      0.8460209419369942,
      0.8003519774039608,
      0.6969406464962848
    ],
    [
      0.8381583723417761,
      0.7971292855985369,
      0.7120128608764973,
      0.5436343959071231
    ]
  ],
  "hyperopt": [
    [
      0.7879701231553083,
      0.7914688192465971,
      0.840183410553781,
      0.6624960208838205
    ],
    [
      0.8246417665022316,
      0.8303390559888506,
      0.7771863795119608,
      0.7291731524289664
    ],
    [
      0.84936922031733,
      0.8052218243728938,
      0.7536275622427842,
      0.5816038128538129
    ]
  ]
}