{
  "default_pipeline": [
    [
      0.773895323895324,
      0.7555984555984556,
      0.7403474903474903,
      0.5375375375375376
    ],
    [
      0.7201360544217688,
      0.7875736961451246,
      0.761814058956916,
      0.6733333333333332
    ],
    [
      0.8312656641604012,
      0.8461988304093566,
      0.756892230576441,
      0.8319548872180451
    ]
  ],
  "pretrained_embeddings_spacy": [
    [
      0.6963963963963964,
      0.6911411411411411,
      0.6111325611325612,
      0.3189598689598689
    ],
    [
      0.5997835497835499,
      0.5978107606679036,
      0.39564625850340135,
      0.45591836734693886
    ],
    [
      0.6655901116427433,
      0.6456349206349208,
      0.5104237867395763,
      0.3344193817878029
    ]
  ],
  "supervised_embeddings": [
    [
      0.8067567567567566,
      0.8006006006006006,
      0.7258687258687259,
      0.6009223509223509
    ],
    [
      0.7201360544217688,
      0.7973696145124717,
      0.708548752834467,
      0.6409523809523808
    ],
    [
      0.8481203007518797,
      0.8461988304093566,
      0.7857978279030909,
      0.9194444444444445
    ]
  ]
}