{
  "supervised_embeddings": [
    [
      0.6533794162826422,
      0.5807219662058372,
      0.41543778801843323,
      0.1903225806451613
    ],
    [
      0.5530952380952382,
      0.5123015873015873,
      0.3466666666666667,
      0.17272727272727273
    ],
    [
      0.7078341013824885,
      0.5904761904761906,
      0.5016897081413211,
      0.14784946236559138
    ]
  ],
  "pretrained_embeddings_spacy": [
    [
      0.7549923195084487,
      0.7010752688172043,
      0.5720430107526882,
      0.6411674347158217
    ],
    [
      0.7722222222222221,
      0.8183333333333332,
      0.704074074074074,
      0.65
    ],
    [
      0.9032258064516129,
      0.8987711213517665,
      0.7654377880184332,
      0.7370199692780338
    ]
  ]
}