{
  "diet": {
    "precision": 1.0,
    "recall": 0.5,
    "f1-score": 0.6666666666666666,
    "support": 20,
    "confused_with": {}
  },
  "allergen": {
    "precision": 1.0,
    "recall": 0.5333333333333333,
    "f1-score": 0.6956521739130436,
    "support": 15,
    "confused_with": {}
  },
  "micro avg": {
    "precision": 1.0,
    "recall": 0.5142857142857142,
    "f1-score": 0.6792452830188679,
    "support": 35
  },
  "macro avg": {
    "precision": 1.0,
    "recall": 0.5166666666666666,
    "f1-score": 0.6811594202898551,
    "support": 35
  },
  "weighted avg": {
    "precision": 1.0,
    "recall": 0.5142857142857142,
    "f1-score": 0.6790890269151139,
    "support": 35
  },
  "accuracy": 0.9198113207547169
}