{
  "greet": {
    "precision": 0.9090909090909091,
    "recall": 0.7692307692307693,
    "f1-score": 0.8333333333333333,
    "support": 13,
    "confused_with": {
      "affirm": 2,
      "inform_diet": 1
    }
  },
  "ask_diet_plan": {
    "precision": 0.9090909090909091,
    "recall": 0.9090909090909091,
    "f1-score": 0.9090909090909091,
    "support": 11,
    "confused_with": {
      "lose_weight": 1
    }
  },
  "inform_allergens": {
    "precision": 0.9166666666666666,
    "recall": 1.0,
    "f1-score": 0.9565217391304348,
    "support": 11,
    "confused_with": {}
  },
  "gain_weight": {
    "precision": 1.0,
    "recall": 0.5,
    "f1-score": 0.6666666666666666,
    "support": 6,
    "confused_with": {
      "lose_weight": 2,
      "maintain_weight": 1
    }
  },
  "inform_details": {
    "precision": 0.9375,
    "recall": 0.9375,
    "f1-score": 0.9375,
    "support": 16,
    "confused_with": {
      "inform_activity_level": 1
    }
  },
  "lose_weight": {
    "precision": 0.7692307692307693,
    "recall": 0.9090909090909091,
    "f1-score": 0.8333333333333333,
    "support": 11,
    "confused_with": {
      "inform_details": 1
    }
  },
  "inform_no_diet": {
    "precision": 0.6666666666666666,
    "recall": 0.6666666666666666,
    "f1-score": 0.6666666666666666,
    "support": 9,
    "confused_with": {
      "maintain_weight": 1,
      "deny": 1
    }
  },
  "thanks": {
    "precision": 0.7857142857142857,
    "recall": 0.6875,
    "f1-score": 0.7333333333333334,
    "support": 16,
    "confused_with": {
      "deny": 3,
      "affirm": 2
    }
  },
  "deny": {
    "precision": 0.5454545454545454,
    "recall": 0.42857142857142855,
    "f1-score": 0.4799999999999999,
    "support": 14,
    "confused_with": {
      "inform_no_diet": 3,
      "thanks": 2
    }
  },
  "affirm": {
    "precision": 0.6842105263157895,
    "recall": 0.8666666666666667,
    "f1-score": 0.7647058823529413,
    "support": 15,
    "confused_with": {
      "thanks": 1,
      "maintain_weight": 1
    }
  },
  "inform_activity_level": {
    "precision": 0.8333333333333334,
    "recall": 1.0,
    "f1-score": 0.9090909090909091,
    "support": 5,
    "confused_with": {}
  },
  "maintain_weight": {
    "precision": 0.6666666666666666,
    "recall": 0.75,
    "f1-score": 0.7058823529411765,
    "support": 8,
    "confused_with": {
      "inform_allergens": 1,
      "deny": 1
    }
  },
  "inform_diet": {
    "precision": 0.8888888888888888,
    "recall": 0.9411764705882353,
    "f1-score": 0.9142857142857143,
    "support": 17,
    "confused_with": {
      "ask_diet_plan": 1
    }
  },
  "accuracy": 0.8026315789473685,
  "macro avg": {
    "precision": 0.8086549359322639,
    "recall": 0.7973456784542758,
    "f1-score": 0.793108526171186,
    "support": 152
  },
  "weighted avg": {
    "precision": 0.8055599659650907,
    "recall": 0.8026315789473685,
    "f1-score": 0.7972436263875219,
    "support": 152
  },
  "micro avg": {
    "precision": 0.8026315789473685,
    "recall": 0.8026315789473685,
    "f1-score": 0.8026315789473685,
    "support": 152
  }
}