{
  "faq/eating_disorder": {
    "precision": 0.8888888888888888,
    "recall": 0.8888888888888888,
    "f1-score": 0.8888888888888888,
    "support": 9,
    "confused_with": {
      "faq/water": 1
    }
  },
  "faq/ask_is_bot": {
    "precision": 1.0,
    "recall": 1.0,
    "f1-score": 1.0,
    "support": 11,
    "confused_with": {}
  },
  "faq/cholesterol": {
    "precision": 1.0,
    "recall": 1.0,
    "f1-score": 1.0,
    "support": 10,
    "confused_with": {}
  },
  "faq/low_fat": {
    "precision": 0.9230769230769231,
    "recall": 1.0,
    "f1-score": 0.9600000000000001,
    "support": 12,
    "confused_with": {}
  },
  "faq/high_protein": {
    "precision": 1.0,
    "recall": 0.9333333333333333,
    "f1-score": 0.9655172413793104,
    "support": 15,
    "confused_with": {
      "faq/eating_disorder": 1
    }
  },
  "faq/diet_options": {
    "precision": 1.0,
    "recall": 1.0,
    "f1-score": 1.0,
    "support": 11,
    "confused_with": {}
  },
  "faq/water": {
    "precision": 0.9166666666666666,
    "recall": 1.0,
    "f1-score": 0.9565217391304348,
    "support": 11,
    "confused_with": {}
  },
  "faq/low_carb": {
    "precision": 1.0,
    "recall": 0.8571428571428571,
    "f1-score": 0.923076923076923,
    "support": 7,
    "confused_with": {
      "faq/low_fat": 1
    }
  },
  "accuracy": 0.9651162790697675,
  "macro avg": {
    "precision": 0.9660790598290598,
    "recall": 0.9599206349206348,
    "f1-score": 0.9617505990594446,
    "support": 86
  },
  "weighted avg": {
    "precision": 0.9669797257006559,
    "recall": 0.9651162790697675,
    "f1-score": 0.9649539094495686,
    "support": 86
  },
  "micro avg": {
    "precision": 0.9651162790697675,
    "recall": 0.9651162790697675,
    "f1-score": 0.9651162790697675,
    "support": 86
  }
}